{"acc": 0.928284239341109, "loss": 0.06768185268685198, "_timestamp": 1719436249.739106, "_runtime": 7.436461925506592, "_step": 7, "_wandb": {"runtime": 7}}